RunID,final_reward,max_reward,time_to_max_reward_sec,total_duration_sec,mean_policy_loss,mean_value_loss,mean_entropy,final_entropy,max_cpu_usage_percent,mean_cpu_usage_percent,max_ram_used_mb,mean_ram_used_mb,mean_cpu_frequency,max_cpu_frequency,max_gpu_usage_percent,mean_gpu_usage_percent,max_vram_used_mb,mean_vram_used_mb,max_game_cpu_usage_percent,mean_game_cpu_usage_percent,max_game_memory_usage_mb,mean_game_memory_usage_mb
20251123-014754/3DBall,58.578956604003906,58.578956604003906,636.410400390625,636.410400390625,0.017760461661964603,0.6451017583409945,1.3878668977553585,1.3534528017044067,8.0,3.929518067693136,16323.0,14435.058217243975,2267.333251953125,2267.333251953125,20.0,10.744979910103671,1988.0,1758.4899578783886,1.0282371044158936,0.5814139340297285,0.0,0.0
20251123-015841/3DBall,5.235752105712891,5.377957820892334,550.6408081054688,595.1753540039062,0.024709906041001223,0.018887683244732466,1.3986947134316685,1.3831757307052612,10.5,3.414056224995349,14286.3330078125,11743.351409544428,2267.333251953125,2267.333251953125,23.0,8.096385545041187,1735.0,1212.0381535909262,1.239390850067139,0.6848362935594765,0.0,0.0
20251123-020847/3DBall,1.2497063875198364,1.3675564527511597,202.69984436035156,248.8567047119141,0.0134409023448824,0.0709794908761978,1.4175907954937075,1.4149041175842283,5.699999809265137,2.4922764272224613,10554.0,10195.081269054877,2267.333251953125,2267.333251953125,1.6666666269302368,1.0121951219512195,1124.0,1124.0,0.9906185269355774,0.6380969591257049,0.0,0.0
20251123-021308/3DBall,4.137004852294922,4.137004852294922,519.66943359375,519.66943359375,0.01858406265576677,0.20969567199548086,1.3904376345944691,1.3483072519302368,5.75,2.4401606335697403,10402.3330078125,10191.122517413403,2267.333251953125,2267.333251953125,1.3333333730697632,1.0000000035906413,1124.0,1114.3935738069465,1.115403652191162,0.6571708045091974,0.0,0.0
20251123-022158/3DBall,1.3970893621444702,1.4980477094650269,210.3329620361328,302.1870422363281,0.0177972540259361,0.10949044426282244,1.412454308533087,1.4047479629516602,5.4666666984558105,2.364227635104482,10431.3330078125,10288.487757240853,2267.333251953125,2267.333251953125,1.3333333730697632,1.012195126312535,1112.0,1112.0,1.0325762033462524,0.6535803028723088,0.0,0.0
20251123-022714/3DBall,1.2261627912521362,1.250293493270874,29.45754623413086,54.36628723144531,0.0249508451670408,0.331251710653305,1.418759599328041,1.4177170991897583,5.099999904632568,2.725000038743019,10281.0,10211.70849609375,2267.333251953125,2267.333251953125,13.0,2.58333333581686,1112.0,1112.0,0.8261364102363586,0.6033881194889545,0.0,0.0
20251123-022819/3DBall,94.35001373291016,94.35001373291016,871.2884521484375,871.2884521484375,0.024121388075097106,1.6278281607665122,1.379095400672361,1.3430118560791016,11.800000190734863,4.1578313255884565,10227.5,10184.727897919804,2267.333251953125,2267.333251953125,9.0,1.3965863459799663,1112.0,1112.0,1.380275011062622,0.6972468342766704,0.0,0.0
20251123-024301/3DBall,100.00001525878906,100.00001525878906,181.7078857421875,855.947021484375,0.03444594889879222,0.007852601893697873,0.9740616327308746,0.6853297352790833,9.800000190734863,3.0290160692599883,10256.5,10221.48894601845,2267.333251953125,2267.333251953125,2.5,1.4508032134498459,1112.0,1112.0,1.1551042795181274,0.7141349517616881,0.0,0.0
20251123-025729/3DBall,1.9958761930465696,2.0179219245910645,485.1455078125,505.5616149902344,0.01267731119878585,0.23104497293631232,1.4087064668356655,1.399545669555664,6.266666889190674,2.6108433740684784,10353.3330078125,10280.947748023344,2267.333251953125,2267.333251953125,1.6666666269302368,1.000000002872513,1112.0,1112.0,1.1592135429382324,0.6777311822017992,0.0,0.0
20251123-030604/3DBall,1.2776237726211548,1.3130784034729004,570.9609375,648.701904296875,0.012428114501138482,0.3238672638932864,1.4104551579578812,1.4053186178207395,5.199999809265137,2.3558232827358934,10471.6669921875,10351.720891378012,2267.333251953125,2267.333251953125,1.3333333730697632,1.022088357483048,1113.0,1112.9939759036145,1.107769012451172,0.6755342709730907,0.0,0.0
20251123-031702/3DBall,1.546578288078308,1.546578288078308,113.0189437866211,113.0189437866211,0.025382199324667398,0.222195953130722,1.4182787716388703,1.4179902076721191,5.699999809265137,2.703333306312561,10267.3330078125,10205.6,2267.333251953125,2267.333251953125,1.3333333730697632,0.9916666716337204,1113.0,1113.0,0.9143775701522828,0.6339147470891475,0.0,0.0
20251123-031917/3DBall,1.1366852521896362,1.1727272272109983,10.440659523010254,37.06415939331055,,,1.4189382493495941,1.4189382791519165,3.299999952316284,2.135416656732559,10291.0,10198.333374023438,2267.333251953125,2267.333251953125,1.0,1.0,1113.0,1113.0,0.9746299386024476,0.6057845167815685,0.0,0.0
20251123-032004/3DBall,1.1482175588607788,1.2501959800720217,6.092535018920898,37.80073165893555,,,1.418938234448433,1.418938159942627,4.566666603088379,2.5374999791383743,10290.3330078125,10205.833251953125,2267.333251953125,2267.333251953125,1.0,1.0,1113.0,1113.0,0.8565776944160461,0.6538599468767643,0.0,0.0
20251123-032052/3DBall,1.1596986055374146,1.2382066249847412,49.175048828125,53.90878677368164,0.0185241401195526,0.086457721889019,1.418945237994194,1.4189860820770264,4.5333333015441895,2.660416692495346,10265.6669921875,10194.625,2267.333251953125,2267.333251953125,10.5,2.5,1113.0,1113.0,0.7863109707832336,0.6113843992352486,0.0,0.0
20251123-032155/3DBall,1.4509553909301758,1.4509553909301758,51.02849197387695,51.02849197387695,0.018218932673335,0.14433069527149195,1.4165776371955872,1.4129663705825806,5.766666889190674,2.781250014901161,10189.0,10165.5,2267.333251953125,2267.333251953125,1.3333333730697632,1.0000000074505806,1113.0,1113.0,0.8216918706893921,0.6375584080815315,0.0,0.0
20251123-032256/3DBall,1.1401869058609009,1.2450292110443115,80.0036849975586,124.70731353759766,0.01746777184307568,0.40435307621955874,1.416550439596176,1.4151402711868286,3.5999999046325684,2.1333333283662794,10188.6669921875,10174.350048828124,2267.333251953125,2267.333251953125,1.6666666269302368,1.0000000029802323,1114.0,1113.975,1.0235800743103027,0.6553082212805748,0.0,0.0
20251123-032521/3DBall,2.96928334236145,2.96928334236145,69.52843475341797,69.52843475341797,0.02512751985341305,0.16464243829250333,1.4195922166109085,1.414400339126587,3.900000095367432,2.6979166716337204,10142.3330078125,10138.291625976562,2267.333251953125,2267.333251953125,1.3333333730697632,1.0416666716337204,1114.0,1114.0,0.7683171629905701,0.5286469236016273,0.0,0.0
20251123-032640/3DBall,1.5265350341796875,1.5342856645584106,468.6304016113281,648.1541137695312,0.0127604259178042,0.1324063415328661,1.4175634269254753,1.415494680404663,5.233333110809326,2.230321280927543,10899.3330078125,10549.668709996235,2267.333251953125,2267.333251953125,8.5,1.0742971925850373,1114.0,1114.0,1.0881341695785522,0.645920495670962,0.0,0.0
20251123-033738/3DBall,18.21613121032715,23.357450485229492,241.5979461669922,258.95111083984375,0.03407106621236331,0.8206072446049714,1.3705387958666173,1.3360188007354736,12.600000381469728,3.365040668627111,10135.5,10128.414657964939,2267.333251953125,2267.333251953125,9.5,1.4065040640714692,1114.0,1114.0,1.110639214515686,0.653899271313737,0.0,0.0
20251123-034211/3DBall,2.346264362335205,2.346264362335205,54.25057220458984,54.25057220458984,0.03527351655066008,0.06593588553369042,1.4149494171142578,1.4089545011520386,4.0333333015441895,2.6687500029802322,10154.0,10146.604125976562,2267.333251953125,2267.333251953125,1.3333333730697632,1.0416666716337204,1115.0,1114.5625,0.7913175225257874,0.5666230842471123,0.0,0.0
20251123-034315/3DBall,1.418697476387024,1.418697476387024,53.55182647705078,53.55182647705078,0.01776770967990155,0.17191105335950846,1.4169522821903229,1.4131405353546145,2.366666555404663,1.9062499552965164,10208.6669921875,10182.604248046875,2267.333251953125,2267.333251953125,9.5,2.1041666716337204,1115.0,1114.9375,0.7271167635917664,0.5535039864480495,0.0,0.0
20251123-034419/3DBall,52.47895431518555,59.828582763671875,426.8662414550781,621.4663696289062,0.01691535833136484,0.44392733958860237,1.4087338892810315,1.383979082107544,6.5,2.8734939845211533,10242.0,10212.13049463479,2267.333251953125,2267.333251953125,2.0,1.1104417673076492,1115.0,1115.0,1.1712615489959717,0.7011376156146267,0.0,0.0
20251123-035450/3DBall,1.2971943616867063,1.2971943616867063,66.58875274658203,66.58875274658203,0.0248661637306213,0.24700826406478882,1.4190821796655655,1.417070388793945,5.9666666984558105,2.6791666746139526,10193.3330078125,10169.270874023438,2267.333251953125,2267.333251953125,1.0,0.9583333358168602,1115.0,1115.0,0.8478068113327026,0.606068778783083,0.0,0.0
20251123-035606/3DBall,1.230873703956604,1.230873703956604,114.6072769165039,114.6072769165039,0.03512317111546339,0.30871196633035486,1.4192477941513062,1.4180406332015991,7.400000095367432,2.826666682958603,10200.0,10181.0833984375,2267.333251953125,2267.333251953125,1.3333333730697632,1.0000000029802323,1115.0,1115.0,0.9313093423843384,0.6909306198358536,0.0,0.0
20251123-035815/3DBall,1.1299256086349487,1.1806082725524902,10.461389541625977,36.98845291137695,,,1.4189382493495941,1.4189382791519165,3.6666667461395264,2.2562499940395355,10322.3330078125,10232.4375,2267.333251953125,2267.333251953125,12.5,2.4791666716337204,1115.0,1115.0,0.881641149520874,0.6310689188539982,0.0,0.0
20251123-035903/3DBall,1.1998080015182495,1.2003830671310425,33.384613037109375,38.05003356933594,,,1.4189382642507553,1.4189382791519165,4.233333110809326,2.049999952316284,10314.3330078125,10228.0,2267.333251953125,2267.333251953125,10.0,2.1666666716337204,1116.0,1115.9375,0.8066538572311401,0.5814150609076023,0.0,0.0
20251123-035951/3DBall,1.4630341529846191,1.4630341529846191,55.53790664672851,55.53790664672851,0.0256130369380116,0.14916599914431566,1.419537603855133,1.419168472290039,4.733333110809326,2.4083332866430283,10184.3330078125,10178.270751953125,2267.333251953125,2267.333251953125,1.5,1.0208333358168602,1116.0,1116.0,1.0079375505447388,0.5671678557991982,0.0,0.0
20251123-040056/3DBall,15.326089859008787,19.523218154907227,288.5589599609375,300.00042724609375,0.027304398827254717,0.11030636106928186,1.3706948495492703,1.3017008304595947,6.25,2.3792682798897347,10323.0,10273.1259765625,2267.333251953125,2267.333251953125,2.0,1.0813008139773113,1116.0,1116.0,1.0590214729309082,0.6944367253198857,0.0,0.0
20251123-040632/3DBall,4.508837699890137,4.930151462554932,144.981689453125,153.05056762695312,0.018096580728888444,0.022509238868951738,1.3910815119743347,1.344500184059143,5.866666793823242,2.338333344459534,10226.3330078125,10203.474951171875,2267.333251953125,2267.333251953125,1.5,1.0500000059604644,1116.0,1116.0,1.074130296707153,0.6681114926934242,0.0,0.0
20251123-040931/3DBall,10.21428680419922,10.21428680419922,127.22620391845705,127.22620391845705,0.033688673656433785,0.5599722221493721,1.4167287409305573,1.4146379232406616,10.399999618530272,4.669166648387909,10146.6669921875,10140.783349609375,2267.333251953125,2267.333251953125,1.6666666269302368,0.9333333313465119,1116.0,1116.0,1.056841492652893,0.6175877675414085,0.0,0.0
20251123-041152/3DBall,94.15001678466795,100.00001525878906,520.7489013671875,990.5518188476562,0.013458428128311975,0.1629436950509746,1.385252413979496,1.3538283109664917,9.100000381469728,3.4668674655707488,10632.5,10502.90363210655,2267.333251953125,2267.333251953125,7.5,1.4216867484242084,1116.0,1116.0,1.1654568910598757,0.7128851514264761,0.0,0.0
20251123-042835/3DBall,3.4450759887695312,3.692000150680542,254.02999877929688,258.188232421875,0.017185915882388686,0.1911756284534931,1.4012578580437638,1.375831127166748,5.949999809265137,2.6081300770364155,10318.5,10276.207317073171,2267.333251953125,2267.333251953125,1.6666666269302368,1.0162601659937602,1117.0,1116.9878048780488,1.0716828107833862,0.6571192188960749,0.0,0.0
20251123-043320/3DBall,100.00001525878906,100.00001525878906,285.7850646972656,488.5943908691406,0.03573621793960527,0.18924076645635068,1.326328009007925,1.2391301393508911,10.050000190734863,3.7461847540843918,10291.5,10243.965867375753,2267.333251953125,2267.333251953125,5.5,1.4236947815102268,1117.0,1117.0,1.225318193435669,0.712709565119571,0.0,0.0
20251123-044139/3DBall,79.19334411621094,79.19334411621094,128.80010986328125,128.80010986328125,0.02566361105577508,0.48857498981735925,1.4070388317108153,1.3900816440582275,7.349999904632568,3.126666623353958,10231.0,10211.166650390625,2267.333251953125,2267.333251953125,2.0,1.0666666686534882,1117.0,1117.0,0.990603804588318,0.6586871311068535,0.0,0.0
20251123-044403/3DBall,1.2063461542129517,1.2169883251190186,23.684062957763672,66.88703918457031,0.0119427405297756,0.0365292318165302,1.4185093492269516,1.4160187244415283,4.866666793823242,2.6333333402872086,10326.3330078125,10256.354248046875,2267.333251953125,2267.333251953125,1.6666666269302368,1.0833333283662796,1117.0,1117.0,0.8510234355926514,0.6630172729492188,0.0,0.0
20251123-044520/3DBall,100.00000762939452,100.00000762939452,170.65921020507812,701.953369140625,0.034388778770031984,0.0579416367327212,1.2880197504916824,1.2279049158096311,8.100000381469727,3.275502013872905,10267.0,10228.048192771084,2267.333251953125,2267.333251953125,12.5,1.4056224901992154,1117.0,1117.0,1.122909665107727,0.6676531947520842,0.0,0.0
20251123-045712/3DBall,1.369958758354187,1.369958758354187,60.682674407958984,60.682674407958984,0.024617483839392624,0.2349614966660738,1.415799304842949,1.4136717319488523,4.0333333015441895,2.4104166477918625,10241.6669921875,10231.666748046875,2267.333251953125,2267.333251953125,1.0,0.9583333358168602,1118.0,1117.9375,1.0247355699539185,0.5996295288205147,0.0,0.0
20251123-045823/3DBall,2.079045057296753,2.079045057296753,565.0145263671875,565.0145263671875,0.0139379492029547,0.04987208234767113,1.4026694010539227,1.3641263246536257,6.066666603088379,2.256425693810704,10915.6669921875,10586.186782285391,2267.333251953125,2267.333251953125,1.6666666269302368,1.0321285178862423,1118.0,1118.0,1.0434824228286743,0.6459713168891079,0.0,0.0
20251123-050758/3DBall,92.47693634033205,100.00001525878906,149.119140625,382.4712219238281,0.035344943234866276,0.012085622798953049,1.2257872645447894,1.108852505683899,7.699999809265137,2.619105676325356,10275.5,10249.0,2267.333251953125,2267.333251953125,2.0,1.1788617895870674,1118.0,1118.0,1.1453872919082642,0.7059841548524252,0.0,0.0
20251123-051451/3DBall,1.149999976158142,1.2055768966674805,10.767141342163086,38.36587142944336,,,1.4189382791519165,1.4189382791519165,4.0,2.4979166835546494,10375.6669921875,10287.875122070312,2267.333251953125,2267.333251953125,5.5,1.5625,1118.0,1118.0,0.9687395691871644,0.6359088234603405,0.0,0.0
20251123-051540/3DBall,1.4297467470169067,1.4952380657196045,287.2967224121094,328.52618408203125,0.0126223806291818,0.0538532957434654,1.4140237220903722,1.4042208194732666,5.5,2.119918720024388,10862.3330078125,10493.845464939024,2267.333251953125,2267.333251953125,1.3333333730697632,0.9674796774619963,1118.0,1118.0,0.8535709381103516,0.6191593234131976,0.0,0.0
20251123-052120/3DBall,1.179657816886902,1.179657816886902,38.67755889892578,38.67755889892578,,,1.4189382642507553,1.4189382791519165,2.6666667461395264,2.0791666954755783,10380.0,10294.75,2267.333251953125,2267.333251953125,8.5,1.9583333358168602,1119.0,1118.9375,0.7543289065361023,0.5958066619932652,0.0,0.0
20251123-052209/3DBall,18.1861572265625,18.875808715820312,1005.8327026367188,1038.86865234375,0.012262633031544531,0.08613046025857324,1.407860723604639,1.3762309551239014,7.849999904632568,2.6472891630178474,10385.6669921875,10342.62451171875,2267.333251953125,2267.333251953125,2.0,1.1315261071704956,1119.0,1119.0,1.2617933750152588,0.6745253950357437,0.0,0.0
20251123-053940/3DBall,1.2378166913986206,1.3359025716781616,167.7847900390625,239.72666931152344,0.011507509897152532,1.2729301452636719,1.4191256441721103,1.4192869663238523,5.699999809265137,2.467886152790814,10522.3330078125,10378.735780297256,2267.333251953125,2267.333251953125,13.0,1.296747970871809,1119.0,1119.0,0.9457176327705384,0.6411726038630415,0.0,0.0
20251123-054351/3DBall,1.1908221244812012,1.2464842796325684,473.0905151367187,551.4352416992188,0.013079401726524,0.22218983372052506,1.4127496983631547,1.4042537212371826,6.099999904632568,2.341365460171757,10897.5,10568.939759036144,2267.333251953125,2267.333251953125,8.5,1.0963855450411877,1119.0,1119.0,0.9938167333602904,0.6552838043994215,0.0,0.0
20251123-055313/3DBall,1.7736841440200806,1.7736841440200806,140.4268341064453,140.4268341064453,0.017000911757349947,0.05062461085617535,1.403360480070114,1.38619863986969,7.800000190734863,2.680833321809769,10361.0,10299.25830078125,2267.333251953125,2267.333251953125,1.3333333730697632,1.0166666731238365,1119.0,1119.0,0.9013569355010986,0.6395909547805786,0.0,0.0
20251123-055609/3DBall,2.2148759365081787,2.2182319164276123,127.48242950439452,131.76712036132812,0.02425080436197189,0.0732635699889876,1.4201992571353912,1.4142457246780396,6.699999809265137,3.077499973773956,10252.3330078125,10230.86669921875,2267.333251953125,2267.333251953125,13.0,1.616666665673256,1119.0,1119.0,0.9455305337905884,0.6577899366617203,0.0,0.0
20251123-055836/3DBall,87.36429595947266,93.55386352539062,232.8463592529297,264.1152648925781,0.035570136068955656,0.08706541440409159,1.411184171350991,1.40560781955719,9.5,3.473170752932386,10244.0,10229.36992663872,2267.333251953125,2267.333251953125,3.5,1.3211382118667043,1120.0,1120.0,1.2400379180908203,0.6841720473475572,0.0,0.0
20251123-060316/3DBall,100.00001525878906,100.00001525878906,359.6258544921875,1985.5009765625,0.024060655812111944,0.0012505352831434712,1.1261046040489013,0.9846057295799256,9.649999618530272,4.154819284576967,10489.5,10390.835337443525,2267.333251953125,2267.333251953125,8.0,1.4066265056650322,1120.0,1120.0,1.1417222023010254,0.729882759143071,0.0,0.0
20251123-063633/3DBall,13.640742301940918,13.640742301940918,1116.2462158203125,1116.2462158203125,0.012888403997446049,0.25662469615538913,1.4151915721146457,1.405553936958313,8.850000381469727,2.6897590329130012,10631.6669921875,10496.971897355044,2267.333251953125,2267.333251953125,14.0,1.1335341395383858,1120.0,1120.0,1.1971410512924194,0.6796880123845066,0.0,0.0
20251123-065520/3DBall,1.1309832334518433,1.2048076391220093,292.88214111328125,306.027587890625,0.0114799011498689,0.6616968512535095,1.4155773331479329,1.4088751077651978,4.349999904632568,2.3162601575618837,10915.0,10535.207340891768,2267.333251953125,2267.333251953125,8.5,1.2642276432456039,1120.0,1120.0,1.0200212001800537,0.6718259693645849,0.0,0.0
20251123-070039/3DBall,100.00001525878906,100.00001525878906,191.84396362304688,237.18589782714844,0.03509325398640194,0.08225420506840399,1.345057263606932,1.2155436277389526,7.150000095367432,3.6654471478811126,10327.0,10306.922732469513,2267.333251953125,2267.333251953125,8.0,1.3414634146341464,1120.0,1120.0,1.4060310125350952,0.6842393649787437,0.0,0.0
20251123-070454/3DBall,6.612987995147705,7.326057434082031,223.60296630859375,227.53140258789065,0.025295090551177613,0.062204717658460085,1.4238915065439737,1.4093875885009766,8.600000381469727,2.806504101288028,10324.5,10300.87802496189,2267.333251953125,2267.333251953125,2.0,1.0162601659937602,1121.0,1120.9878048780488,1.0715621709823608,0.6727057731733089,0.0,0.0
20251123-070857/3DBall,10.646535873413086,10.646535873413086,703.8048095703125,703.8048095703125,0.012977789621800134,0.08717605161170161,1.3731929480311382,1.2949239015579224,8.550000190734863,2.7582329224391158,10377.6669921875,10307.887577654368,2267.333251953125,2267.333251953125,9.5,1.204819280699075,1121.0,1121.0,1.1553056240081787,0.7055652933307441,0.0,0.0
20251123-072051/3DBall,100.00001525878906,100.00001525878906,149.0062713623047,221.1078643798828,0.0343995921961639,0.040031801666570874,1.298615031126069,1.162560224533081,7.0,2.890650409023936,10190.5,10178.62197503811,2267.333251953125,2267.333251953125,2.0,1.2682926829268293,1121.0,1121.0,1.1132099628448486,0.7310863391655248,0.0,0.0
20251123-072446/3DBall,100.00001525878906,100.00001525878906,124.7964859008789,231.3358154296875,0.025073181351889687,0.009848016163627772,1.3829407982709931,1.3616936206817627,7.949999809265137,3.9215447263019843,10237.0,10224.016244283537,2267.333251953125,2267.333251953125,2.0,1.504065042588769,1121.0,1121.0,1.171581506729126,0.689544620310388,0.0,0.0
20251123-072849/3DBall,100.00001525878906,100.00001525878906,453.7506103515625,943.1682739257812,0.01801775426914291,0.04190788226818157,1.299004990652383,1.174458384513855,7.699999809265137,2.8905622477991035,10397.0,10343.138536568147,2267.333251953125,2267.333251953125,2.0,1.2991967890636031,1121.0,1121.0,1.3088717460632324,0.7301756490066827,0.0,0.0
20251123-074443/3DBall,1.2900595664978027,1.2900595664978027,56.72977828979492,56.72977828979492,0.0244274828583002,0.182302713394165,1.4189757704734802,1.4191938638687134,3.866666555404663,2.3875000029802322,10351.3330078125,10274.687377929688,2267.333251953125,2267.333251953125,1.6666666269302368,1.0416666641831398,1122.0,1122.0,0.8162121772766113,0.6289721541106701,0.0,0.0
20251123-074550/3DBall,20.896156311035156,20.896156311035156,1111.9910888671875,1111.9910888671875,0.013845843418190848,0.04228838440030808,1.4122664777629346,1.3753198385238647,9.399999618530272,2.2913654525595977,10875.0,10593.151602503765,2267.333251953125,2267.333251953125,2.0,1.0331325322748668,1122.0,1122.0,1.321208953857422,0.6910470569708261,0.0,0.0
20251123-080433/3DBall,1.4006249904632568,1.4006249904632568,82.00068664550781,82.00068664550781,0.0355015452951192,0.05148811079561705,1.4151421636343002,1.4098914861679075,4.166666507720947,2.69166661798954,10276.6669921875,10243.500122070312,2267.333251953125,2267.333251953125,1.0,1.0,1122.0,1122.0,0.7511419653892517,0.5939074754714966,0.0,0.0
20251123-080605/3DBall,4.142358303070068,4.142358303070068,130.87039184570312,130.87039184570312,0.0348896512931043,0.2661572356115688,1.3880626857280731,1.3661454916000366,6.849999904632568,2.794999986886978,10214.0,10201.941650390625,2267.333251953125,2267.333251953125,1.6666666269302368,1.0583333373069763,1122.0,1122.0,0.9347488880157472,0.6170068100094795,0.0,0.0
20251123-080832/3DBall,89.19231414794922,89.19231414794922,1054.6353759765625,1054.6353759765625,0.01325879183908299,0.019918165363681756,1.3486602198646729,1.2500545978546145,7.0,2.587550200611712,10564.0,10429.292162791791,2267.333251953125,2267.333251953125,2.0,1.132530124431633,1122.0,1122.0,1.4016804695129397,0.7073709262781832,0.0,0.0
20251123-082617/3DBall,100.00000762939452,100.00000762939452,1057.8616943359375,1057.8616943359375,0.01336414017714555,0.015279711835319133,1.3483505478824478,1.2446194887161257,7.099999904632568,2.6340361452964416,10577.0,10445.387542356928,2267.333251953125,2267.333251953125,2.0,1.1084337374532078,1122.0,1122.0,1.248686671257019,0.7123245641768697,0.0,0.0
20251123-084406/3DBall,1.2241779565811155,1.28924298286438,234.15463256835935,283.9447937011719,0.0126449381932616,0.3060808777809143,1.4180200390699433,1.4161890745162964,5.333333492279053,2.242682925084742,10855.5,10485.776391006097,2267.333251953125,2267.333251953125,1.3333333730697632,0.9756097604588765,1123.0,1123.0,0.9711735844612122,0.6441719626508108,0.0,0.0
20251123-084902/3DBall,97.9833526611328,100.00001525878906,82.63623046875,1201.6624755859375,0.03396810924477242,0.0009703437690445794,1.2578667258641807,1.1646170616149902,12.449999809265137,4.290963863033846,10337.5,10275.229915756778,2267.333251953125,2267.333251953125,3.0,1.1767068271895489,1123.0,1123.0,1.0826581716537476,0.6305586446121515,0.0,0.0
20251123-090918/3DBall,2.3085227012634277,2.3085227012634277,315.8010559082031,315.8010559082031,0.024586880657200955,0.23880101802448425,1.403965842433092,1.3863567113876345,7.300000190734863,2.7040650495668737,10291.0,10277.914634146342,2267.333251953125,2267.333251953125,9.5,1.158536589727169,1123.0,1123.0,0.8572914004325867,0.585638487484397,0.0,0.0
20251123-091451/3DBall,100.00000762939452,100.00000762939452,383.69134521484375,1248.7135009765625,0.025358662552510642,0.01593891536606405,1.0364203076046634,0.7282139658927917,9.649999618530272,2.682931725519249,10473.5,10410.425710655121,2267.333251953125,2267.333251953125,10.0,1.202811245817736,1123.0,1123.0,1.3381482362747192,0.7216952823730837,0.0,0.0
20251123-093551/3DBall,3.0058021545410156,3.0058021545410156,126.27559661865234,126.27559661865234,0.023541292514313316,0.5040083608844064,1.3879278600215912,1.3481165170669556,7.133333206176758,3.014999973773956,10297.0,10288.61669921875,2267.333251953125,2267.333251953125,2.0,1.1250000029802323,1123.0,1123.0,0.9022722840309144,0.6523959815502167,0.0,0.0
20251123-093813/3DBall,2.379999876022339,2.5788991451263428,331.8650207519531,354.9872131347656,0.017796911764889928,0.04453404325370982,1.4032422536756934,1.3815488815307615,4.699999809265137,2.660162594260239,10346.0,10321.487757240853,2267.333251953125,2267.333251953125,1.6666666269302368,1.036585370214974,1124.0,1123.9878048780488,1.1687761545181274,0.6411823710290397,0.0,0.0
20251123-094419/3DBall,100.00001525878906,100.00001525878906,239.80271911621097,336.53173828125,0.02435856652648548,0.03557571922125208,1.3094000554666287,1.153720140457153,8.25,3.663414635309359,10305.5,10289.617925876524,2267.333251953125,2267.333251953125,2.0,1.2276422788457173,1124.0,1124.0,1.1560968160629272,0.6276218702153462,0.0,0.0
20251123-095015/3DBall,1.3066264390945437,1.3066264390945437,49.48832702636719,49.48832702636719,0.03469087369740005,0.04819559492170805,1.4196945577859879,1.420388102531433,6.233333110809326,3.0666666328907013,10336.3330078125,10313.437377929688,2267.333251953125,2267.333251953125,12.0,2.33333333581686,1124.0,1124.0,0.8922291994094849,0.5930977687239647,0.0,0.0
20251123-095114/3DBall,1.0538599491119385,1.144299030303955,23.397449493408203,36.55413436889648,,,1.4189382642507553,1.4189382791519165,3.0333333015441895,2.1145833283662796,10421.6669921875,10336.125,2267.333251953125,2267.333251953125,10.5,2.1875,1124.0,1124.0,1.0607454776763916,0.6371561475098133,0.0,0.0
20251123-095200/3DBall,1.1500937938690186,1.2505881786346436,94.7998504638672,121.9025650024414,0.0184591226279735,0.837711751461029,1.416463041305542,1.4111435413360596,4.766666889190674,2.1425000011920927,10589.5,10415.06669921875,2267.333251953125,2267.333251953125,1.0,0.9833333343267441,1124.0,1124.0,0.9904581308364868,0.6491485297679901,0.0,0.0
20251123-095415/3DBall,100.00001525878906,100.00001525878906,447.6403198242187,848.4022216796875,0.023851979053334138,0.008963460872397027,1.312209891985698,1.262695550918579,11.5,4.339056234043765,10354.3330078125,10318.864463714232,2267.333251953125,2267.333251953125,10.0,1.5060240972832024,1125.0,1124.9969879518073,1.4240765571594238,0.7269724420754307,0.0,0.0
20251123-100835/3DBall,100.00001525878906,100.00001525878906,179.4057159423828,477.9622192382813,0.03525035269558425,0.12796424048913949,1.2849768314016872,1.2139332294464111,8.899999618530273,3.4090361149914292,10310.5,10294.19679499247,2267.333251953125,2267.333251953125,9.5,1.3373493983084896,1125.0,1125.0,1.27959942817688,0.6804720565497157,0.0,0.0
20251123-101643/3DBall,98.65001678466795,98.65001678466795,251.08920288085935,251.08920288085935,0.01744021712379017,0.10208734497427936,1.3916514704867107,1.3646715879440308,8.800000190734863,2.877235761502894,10349.0,10329.894316882623,2267.333251953125,2267.333251953125,2.0,1.1382113869597272,1125.0,1125.0,1.0729777812957764,0.6706610049416379,0.0,0.0
20251123-102113/3DBall,3.4801528453826904,3.4801528453826904,365.7798767089844,365.7798767089844,0.025364024875064648,0.1738647731641928,1.3841412300016822,1.3546329736709597,8.566666603088379,2.715040643040727,10403.3330078125,10357.191072789634,2267.333251953125,2267.333251953125,10.5,1.2398374022507086,1125.0,1125.0,0.9413877129554749,0.6132631716204853,0.0,0.0
20251123-102730/3DBall,1.5298244953155518,1.6993006467819214,212.55072021484375,265.19940185546875,0.019114363938569967,0.017958166388173834,1.4137841986446846,1.4041409492492676,5.0,2.243089422947023,10628.6669921875,10484.528439405487,2267.333251953125,2267.333251953125,8.5,1.1626016279546225,1125.0,1125.0,0.9933029413223268,0.6531956152218145,0.0,0.0
20251123-103207/3DBall,1.267125964164734,1.267125964164734,46.35850143432617,46.35850143432617,0.0249202968552708,0.3581438846886158,1.4133026748895645,1.4102132320404053,4.300000190734863,2.4500000029802322,10280.0,10270.020751953125,2267.333251953125,2267.333251953125,12.0,2.33333333581686,1125.0,1125.0,0.8171658515930176,0.5654622241854668,0.0,0.0
20251123-103303/3DBall,1.206923007965088,1.2330738306045532,56.65924453735352,93.9986572265625,,,1.4189382672309876,1.418938159942627,5.633333206176758,2.200833320617676,10745.6669921875,10506.7,2267.333251953125,2267.333251953125,1.3333333730697632,1.0000000029802323,1126.0,1126.0,0.8870349526405334,0.6551406055688858,0.0,0.0
20251123-103450/3DBall,3.8008198738098145,3.8008198738098145,588.4454345703125,588.4454345703125,0.015166760111848468,0.07881214097142214,1.403521010674626,1.360550045967102,6.366666793823242,2.2036144539534326,11011.0,10673.12456466491,2267.333251953125,2267.333251953125,10.0,1.1305220902684223,1126.0,1126.0,1.0864232778549194,0.6551597692880285,0.0,0.0
20251123-104448/3DBall,1.6606895923614502,1.725176453590393,129.7535400390625,152.01510620117188,0.0248200166970491,0.08240172825753686,1.410353571176529,1.3986605405807495,6.166666507720947,2.697499966621399,10456.0,10392.925,2267.333251953125,2267.333251953125,1.5,1.0250000059604645,1126.0,1126.0,1.0446654558181765,0.7126579627394676,0.0,0.0
20251123-104802/3DBall,100.00001525878906,100.00001525878906,282.0041809082031,867.7722778320312,0.02511198252129054,0.023847214235502134,1.2521568479308163,1.1582515239715576,9.800000190734863,3.9269076284155786,10571.0,10434.070300734187,2267.333251953125,2267.333251953125,2.0,1.452811245458672,1126.0,1126.0,1.330510139465332,0.7583576810647206,0.0,0.0
20251123-110241/3DBall,1.5589799880981443,1.5802221298217771,129.76136779785156,138.89918518066406,0.017603792250156347,0.0478370590135455,1.4123668670654297,1.407169222831726,6.449999809265137,2.8049999833106996,10428.0,10366.099951171875,2267.333251953125,2267.333251953125,1.3333333730697632,1.0166666686534882,1126.0,1126.0,0.9168907999992372,0.6711430147290229,0.0,0.0
20251123-110536/3DBall,100.00001525878906,100.00001525878906,355.0782470703125,1363.5137939453125,0.01338873015871888,0.0480187464660654,1.3070855600288116,1.188745617866516,19.850000381469727,3.2513052189206504,12782.0,10676.037138789534,2267.333251953125,2267.333251953125,16.0,2.0722891573446343,1175.0,1130.870481927711,1.228791356086731,0.7664073553070965,0.0,0.0
20251123-112831/3DBall,100.00001525878906,100.00001525878906,143.5912322998047,297.69134521484375,0.03494386609805662,0.10319224344161537,1.3860791805313855,1.3677880764007568,9.199999809265137,5.167479657545322,13242.5,12490.878072599085,2267.333251953125,2267.333251953125,26.5,16.14634145178446,1160.0,1159.0487804878048,1.0851783752441406,0.6837961382982207,0.0,0.0
20251123-113347/3DBall,100.00001525878906,100.00001525878906,1316.5302734375,1552.696533203125,0.018440584962566644,0.007357723814493459,1.353794282459351,1.310735821723938,20.399999618530273,4.0977911590093585,14204.3330078125,13261.330313441265,2267.333251953125,2267.333251953125,25.33333396911621,18.339357462274023,1160.0,1159.7409638554218,1.1749253273010254,0.6645379132894148,0.0,0.0
20251123-115952/3DBall,28.475557327270508,28.475557327270508,1326.230712890625,1326.230712890625,0.014846870986123818,0.014762167974064702,1.3743988627410797,1.2923500537872314,8.266666412353516,3.31506024031754,16300.0,14150.37650014119,2267.333251953125,2267.333251953125,32.0,14.226907641054636,2758.0,1549.3172703019109,1.0051236152648926,0.6262299831373146,0.0,0.0
20251123-122212/3DBall,1.5477973222732544,1.6179137229919434,142.65809631347656,174.22817993164062,0.02453877031803125,0.0637742299586534,1.4166206657886504,1.4120241403579712,8.899999618530273,6.094166684150696,15640.3330078125,15442.491650390624,2267.333251953125,2267.333251953125,24.0,15.133333468437195,2740.0,2725.933349609375,0.7357311248779297,0.5248874865472317,0.0,0.0
20251123-122542/3DBall,1.1757575273513794,1.318548321723938,370.7799377441406,447.7095031738281,0.0126350428909063,0.044962853193283,1.4177420139312744,1.415355920791626,8.233333587646484,6.154878081344977,15860.6669921875,15511.756073742377,2267.333251953125,2267.333251953125,24.5,15.085365900179236,2723.5,2721.512195121951,0.821904718875885,0.5109392833418962,0.0,0.0
20251123-123324/3DBall,1.0388591289520264,1.071609377861023,26.15562438964844,61.645381927490234,0.0183415059000253,0.3720697462558746,1.4185679405927658,1.416416049003601,9.233333587646484,7.504166781902313,15417.5,15362.645874023438,2267.333251953125,2267.333251953125,19.66666603088379,13.74999988079071,2724.0,2723.125,0.6796106696128845,0.5450986698269844,0.0,0.0
20251123-123438/3DBall,100.00001525878906,100.00001525878906,522.1708984375,677.6116943359375,0.01798710289100801,0.008072883991189835,1.3362983407744442,1.2680758237838743,10.649999618530272,7.130522096013448,15521.5,15432.479915756778,2267.333251953125,2267.333251953125,26.5,14.570281120667975,2732.0,2729.0321294945406,1.0011348724365234,0.5885280015238796,0.0,0.0
20251123-124607/3DBall,1.2537254095077517,1.2731224298477173,15.011900901794434,92.0333480834961,0.018408827483654,0.062179302796721396,1.420175552368164,1.4232996702194214,7.699999809265137,6.670833349227905,15400.3330078125,15379.104125976562,2267.333251953125,2267.333251953125,18.0,12.208333194255829,2732.0,2731.6875,0.5639611482620239,0.4652545712888241,0.0,0.0
20251123-124750/3DBall,10.44040584564209,11.269001960754396,162.64761352539062,168.22149658203125,0.025766590610146477,0.3596583217382431,1.4134291052818297,1.4045599699020386,9.350000381469728,6.849166703224182,15540.5,15428.7583984375,2267.333251953125,2267.333251953125,28.5,15.15833339691162,2734.0,2732.775,0.7098959684371948,0.5017182968556881,0.0,0.0
20251123-125102/3DBall,77.2400131225586,77.2400131225586,445.3951416015625,445.3951416015625,0.03466303192260784,0.011919930185441149,1.3469887332218449,1.3087977170944214,18.350000381469727,6.195934929498812,15944.5,14654.065048589939,2267.333251953125,2267.333251953125,21.0,10.752032512571754,3111.0,2163.6666646817835,0.8847758173942566,0.5185263752937317,0.0,0.0
20251123-125845/3DBall,1.0728260278701782,1.1451311111450195,26.14122009277344,50.576072692871094,,,1.4189382642507553,1.4189382791519165,11.850000381469728,4.947916746139526,15777.0,15741.3125,2267.333251953125,2267.333251953125,15.5,12.458333253860474,3060.0,3045.2083435058594,0.5877086520195007,0.5438482463359833,0.0,0.0
20251123-125948/3DBall,1.1824761629104614,1.1973230838775637,33.32272720336914,68.59823608398438,0.0113322120159864,0.2686325013637543,1.4189039915800095,1.418704867362976,7.266666889190674,4.91458335518837,15803.0,15660.770751953125,2267.333251953125,2267.333251953125,15.5,13.479166626930237,3033.666748046875,3030.7083435058594,0.6637758016586304,0.5133126229047775,0.0,0.0
20251123-130109/3DBall,2.833660125732422,2.833660125732422,1314.338134765625,1314.338134765625,0.0127700444621344,0.04000786319375035,1.407021440655352,1.375001311302185,41.5,6.2791164912373185,16374.3330078125,15782.762054075678,2267.333251953125,2267.333251953125,26.0,14.786144561078174,3163.333251953125,2839.43071921475,1.0523008108139038,0.520677387893918,0.0,0.0
20251123-132316/3DBall,100.00001525878906,100.00001525878906,275.593017578125,329.28497314453125,0.023912278125467458,0.047534523997455794,1.4045693787132822,1.3691388368606567,11.949999809265137,6.0455284234954085,15778.0,15673.321146150915,2267.333251953125,2267.333251953125,20.5,14.22357719700511,3121.333251953125,3099.9227562881097,0.7562722563743591,0.5054364029954119,0.0,0.0
20251123-132903/3DBall,1.1723484992980957,1.211560606956482,68.97024536132812,74.98937225341797,0.0124750854447484,0.0692143440246582,1.4179981350898743,1.412536382675171,9.666666984558104,7.749999940395355,16007.6669921875,15598.375,2267.333251953125,2267.333251953125,26.66666603088379,16.666666388511658,3092.0,3074.8333435058594,0.6716764569282532,0.5080783292651176,0.0,0.0
20251123-133031/3DBall,95.60834503173828,100.00001525878906,308.4738464355469,840.5939331054688,0.02491410480191306,0.006001425998268402,1.3037268569670528,1.261724829673767,15.800000190734863,6.903413674917566,15894.5,15649.51403661521,2267.333251953125,2267.333251953125,23.0,15.287148613527597,3091.0,2987.2911626976656,1.0344210863113403,0.5833582450826484,0.0,0.0
20251123-134446/3DBall,2.871523141860962,2.871523141860962,77.35227966308594,77.35227966308594,0.033927001524716574,0.0392847273033112,1.414366975426674,1.4102649688720703,7.599999904632568,3.5270833373069763,11757.3330078125,11722.083251953125,2267.333251953125,2267.333251953125,1.6666666269302368,1.2083333283662796,1173.0,1173.0,0.706108570098877,0.5209708660840988,0.0,0.0
20251123-134613/3DBall,1.5829976797103882,1.5829976797103882,52.765663146972656,52.765663146972656,0.024030122905969575,0.22887909784913057,1.4163576513528824,1.4144800901412964,3.866666555404663,2.5854166746139526,11766.3330078125,11733.104125976562,2267.333251953125,2267.333251953125,2.0,1.3333333432674408,1173.0,1173.0,0.9622328281402588,0.6265495382249355,0.0,0.0
20251123-134716/3DBall,2.055643081665039,2.226038694381714,162.2184600830078,170.82508850097656,0.02477185539901252,0.16645757555961604,1.407706606388092,1.3953146934509275,5.300000190734863,2.7208333253860473,11809.0,11767.350048828124,2267.333251953125,2267.333251953125,2.0,1.4583333313465119,1173.0,1173.0,1.1852606534957886,0.700194527208805,0.0,0.0
20251123-135035/3DBall,100.00001525878906,100.00001525878906,120.0655517578125,667.896484375,0.024526885167385104,0.04814549951455164,1.3412107990448734,1.3175978660583496,11.25,4.762449795941272,12943.0,12007.030108716115,2267.333251953125,2267.333251953125,13.0,1.7349397590361446,1173.0,1170.421686746988,1.0301997661590576,0.6533800686698362,0.0,0.0
20251123-140153/3DBall,1.6083520650863647,1.6083520650863647,53.56230163574219,53.56230163574219,0.03460013028234238,0.10453994851559396,1.4189433157444,1.4228013753890991,4.233333110809326,3.0229166448116302,11768.3330078125,11702.124877929688,2267.333251953125,2267.333251953125,1.6666666269302368,1.3541666567325592,1156.0,1156.0,0.8152421116828918,0.6690435260534286,0.0,0.0
20251123-140305/3DBall,2.4117300510406494,2.52175235748291,215.20147705078125,299.4990539550781,0.014903883139292367,0.1099158351620038,1.3982738198303595,1.3699939250946045,6.300000190734863,3.4845528544449227,12058.6669921875,11910.276414824695,2267.333251953125,2267.333251953125,2.0,1.1626016352234818,1156.0,1156.0,0.9464389085769652,0.612812034967469,0.0,0.0
20251123-140826/3DBall,1.356646180152893,1.4018748998641968,123.71388244628906,141.9085235595703,0.013359028846025401,0.049960873089730705,1.4133147895336151,1.4085161685943604,7.5,3.991666650772095,11809.3330078125,11730.575,2267.333251953125,2267.333251953125,2.0,1.2583333373069763,1156.0,1156.0,1.035750389099121,0.6489365488290787,0.0,0.0
20251123-141126/3DBall,1.2578740119934082,1.2578740119934082,82.54561614990234,82.54561614990234,0.0166351571679115,0.0404992811381816,1.4188345223665237,1.4182336330413818,5.900000095367432,3.9166666865348816,11877.3330078125,11717.979125976562,2267.333251953125,2267.333251953125,1.6666666269302368,1.2291666716337204,1155.0,1155.0,0.7705037593841553,0.5526280216872692,0.0,0.0
20251123-141259/3DBall,100.00001525878906,100.00001525878906,156.43466186523438,347.0381774902344,0.03516370317210317,0.031914501253872275,1.25457738957754,1.104778528213501,8.649999618530273,5.071951243935562,11800.5,11730.048756669208,2267.333251953125,2267.333251953125,2.0,1.5528455333011906,1155.0,1155.0,1.274593949317932,0.694322943323996,0.0,0.0
20251123-141905/3DBall,7.446100234985352,7.446100234985352,511.6744689941406,511.6744689941406,0.02477808436378831,0.4618984783689181,1.4131614357592113,1.4059162139892578,9.699999809265137,3.7819276976298135,11971.5,11845.578325018825,2267.333251953125,2267.333251953125,2.0,1.4076305218489773,1155.0,1155.0,1.0728245973587036,0.6454563402985952,0.0,0.0
20251123-142747/3DBall,85.75715637207031,100.00001525878906,380.9423828125,945.50732421875,0.034986562211997765,0.5275803542075058,1.2368666838450604,1.1230748891830444,32.0,5.6286144644381055,14486.0,12367.78112645896,2267.333251953125,2267.333251953125,23.0,2.3343373476022697,1239.5,1173.0301204819277,1.2902382612228394,0.700539862535086,0.0,0.0
20251123-144344/3DBall,1.4458597898483276,1.4458597898483276,79.33354949951172,79.33354949951172,0.0181497987359762,0.1124325096607208,1.4182335138320923,1.414145588874817,7.0,5.370833337306976,14650.3330078125,14532.72900390625,2267.333251953125,2267.333251953125,15.0,11.520833313465118,1280.5,1242.0208282470703,0.6853547096252441,0.4764445200562477,0.0,0.0
20251123-144513/3DBall,1.1547842025756836,1.214065432548523,319.31231689453125,348.15789794921875,0.012538556009531,0.1350895911455154,1.4132882385719112,1.402022123336792,8.649999618530273,4.657317056888488,15238.6669921875,14761.069121570123,2267.333251953125,2267.333251953125,22.66666603088379,11.926829256662508,1236.3333740234375,1227.6747987328506,1.0120114088058472,0.6413828527055135,0.0,0.0
20251123-145114/3DBall,1.115498185157776,1.115498185157776,128.10006713867188,128.10006713867188,0.0124169550836086,1.325623869895935,1.4198844969272613,1.4219224452972412,8.466666221618652,5.648333346843719,14553.6669921875,14376.025146484375,2267.333251953125,2267.333251953125,17.66666603088379,12.166666603088379,1212.5,1211.075,0.810139536857605,0.5307781651616097,0.0,0.0
20251123-145335/3DBall,1.4596153497695925,1.514596939086914,104.05648040771484,130.05889892578125,0.01647433731704945,0.09347481280565259,1.4161574780941009,1.4131394624710083,8.933333396911621,5.734166657924652,14398.6669921875,14301.35,2267.333251953125,2267.333251953125,15.0,11.941666650772095,1211.0,1211.0,0.9517217874526978,0.5027291536331177,0.0,0.0
20251123-145612/3DBall,100.00001525878906,100.00001525878906,581.49951171875,1482.7427978515625,0.025002945913001843,0.009431765138534328,1.1619965333536446,0.9617605805397034,9.550000190734863,4.53242972959955,15290.5,14980.456831231175,2267.333251953125,2267.333251953125,24.66666603088379,5.2058232958058275,1479.0,1352.2881521201996,1.0910934209823608,0.6898505556655218,0.0,0.0
20251123-152106/3DBall,76.56251525878906,98.20001220703124,485.770751953125,924.8191528320312,0.017272730222127046,0.686774943334361,1.3139649169990815,1.2727484703063965,18.600000381469727,6.167168664645,15453.0,15190.559240869728,2267.333251953125,2267.333251953125,19.33333396911621,7.696787142430443,1465.0,1429.4889548428087,1.1028318405151367,0.6658467621688383,0.0,0.0
20251123-153643/3DBall,100.00000762939452,100.00000762939452,246.0155334472656,676.4803466796875,0.01776768364167457,0.01841290681962463,1.2339550400354775,1.118034601211548,12.100000381469728,5.152008029351752,16468.5,15600.538133000753,2267.333251953125,2267.333251953125,23.5,6.1626506160540755,1465.0,1428.0883539038969,1.1307200193405151,0.6486574565789786,0.0,0.0
20251123-154810/3DBall,1.1793168783187866,1.2520548105239868,24.841636657714844,119.5120620727539,0.02455432340502735,0.3486044257879257,1.4159596264362335,1.4136351346969604,7.050000190734863,4.200833308696747,16276.3330078125,16186.34169921875,2267.333251953125,2267.333251953125,4.666666507720947,2.524999976158142,1432.3333740234375,1404.5999938964844,0.8645498156547546,0.6219476789236069,0.0,0.0
20251123-155035/3DBall,1.1837786436080933,1.2326213121414185,34.526832580566406,56.31257247924805,0.0350706204771995,0.5068382024765015,1.416294738650322,1.4142247438430786,6.933333396911621,4.864583402872086,16191.5,16122.270874023438,2267.333251953125,2267.333251953125,4.333333492279053,3.1666666865348816,1423.0,1403.9375,0.6223188638687134,0.4994412772357464,0.0,0.0
20251123-155141/3DBall,100.00001525878906,100.00001525878906,1158.2825927734375,1310.7974853515625,0.017746592483793646,0.06531264333170836,1.3279084433992225,1.1977589130401611,17.149999618530273,5.788253005728664,18381.5,16100.359469126506,2267.333251953125,2267.333251953125,24.5,6.918674687305129,2241.0,1697.485942794616,1.0620030164718628,0.6549379078738661,0.0,0.0
20251123-161343/3DBall,100.00001525878906,100.00001525878906,163.74293518066406,776.6407470703125,0.03436051776751555,0.007248695366062272,1.2448946262927765,1.231717824935913,25.0,7.539716319834932,18185.666015625,15879.418436253325,2267.333251953125,2267.333251953125,23.5,9.521276605890153,2263.666748046875,2026.8386516165226,1.037493109703064,0.5597976916965018,0.0,0.0
20251123-013820/3DBall,100.00001525878906,100.00001525878906,35498.84375,35765.7265625,0.035430361671994086,0.1643568081005166,1.3592592966125672,1.3199009895324707,63.79999923706055,27.106024041233294,3834.5,3449.87349103445,2536.0,2536.0,-1.0,-1.0,-1.0,-1.0,5.99347448348999,3.650996283515839,186.96875,77.71159008899367
20251122-230332/3DBall,2.045931577682495,2.045931577682495,380.6304016113281,380.6304016113281,0.017667484159270875,0.20660726943363747,1.4151162141706886,1.4059944152832031,21.100000381469727,18.493902392503692,3793.333251953125,3744.3536764005335,2536.0,2536.0,-1.0,-1.0,-1.0,-1.0,4.646341800689697,4.116384744644165,262.71875,234.715224847561
20251123-172309/3DBall,100.00001525878906,100.00001525878906,197.43797302246097,788.8233032226562,0.035891535607251196,0.1697841185060414,1.3542766629195795,1.324031114578247,55.599998474121094,20.464634267295278,3771.5,3699.8902379477895,2536.0,2536.0,-1.0,-1.0,-1.0,-1.0,4.946817398071289,4.065484568113234,232.6125030517578,177.73755068895292
20251123-202607/3DBall,1.447245717048645,1.50585675239563,175.0850830078125,253.1526641845703,0.012913465965539151,0.0898976698517799,1.4109867215156555,1.40217387676239,35.79999923706055,22.544999885559083,3889.666748046875,3811.9833129882813,2536.0,2536.0,-1.0,-1.0,-1.0,-1.0,4.241591453552246,3.4745118737220766,229.1999969482422,177.7784381866455
20251122-235848/3DBall,3.3681480884552,3.624513626098633,3607.89892578125,4814.58544921875,0.01719643812005715,0.04413970684011773,1.4167026209543987,1.4093890190124512,46.150001525878906,19.028714880885847,3875.333251953125,3655.9236898766944,2536.0,2536.0,-1.0,-1.0,-1.0,-1.0,4.67958927154541,3.7596458397715926,225.34375,181.25177921157285
20251123-173642/3DBall,78.67143249511719,100.00000762939452,746.5753784179688,2762.6015625,0.03423843586660289,0.006630995790102843,1.2007331539349384,1.0555782318115234,64.19999694824219,19.67791163203228,3688.333251953125,3492.221888530685,2536.0,2536.0,-1.0,-1.0,-1.0,-1.0,3.7161707878112793,2.4728371170629937,186.03125,130.42911460600703
20251123-122642/3DBall,100.00001525878906,100.00001525878906,66.186279296875,191.1182098388672,0.034938288666307896,0.08536350049544122,1.2766832292079926,1.1675819158554075,33.900001525878906,22.83166675567627,3872.5,3845.95,2536.0,2536.0,-1.0,-1.0,-1.0,-1.0,4.880802631378174,4.331520628929138,280.34375,243.33229141235353
20251123-184611/3DBall,100.00000762939452,100.00000762939452,555.596923828125,1014.987060546875,0.0352136169870694,0.015296909050296839,1.313901298017387,1.206212043762207,35.04999923706055,20.348594401256147,3781.0,3575.212852386107,2536.0,2536.0,-1.0,-1.0,-1.0,-1.0,4.986059665679932,3.4161277291286423,204.6187438964844,150.5839482502765
20251123-011911/3DBall,92.4615478515625,100.00000762939452,258.347900390625,1071.46875,0.036060404653350454,0.0606286153197288,1.2695013506467951,1.1861388683319092,49.29999923706055,23.40775194833445,3773.0,3444.3682151617004,2536.0,2536.0,-1.0,-1.0,-1.0,-1.0,4.57752799987793,3.066566666198331,217.9406280517578,153.9896206523097
20251123-154456/3DBall,100.00001525878906,100.00001525878906,224.6945648193359,419.05865478515625,0.03627489608797153,0.08449800680814815,1.239743331583535,1.0441590547561646,30.049999237060547,17.969512102080554,3766.5,3717.174786823552,2536.0,2536.0,-1.0,-1.0,-1.0,-1.0,5.206904411315918,4.514333021350023,252.375,224.51022636599657
20251123-125522/3DBall,2.109090805053711,2.2585432529449463,334.9515380859375,365.4405822753906,0.02585980885972573,0.0215088007971644,1.3995021319970853,1.3755048513412476,24.13333320617676,19.006503872755097,3873.0,3794.731707317073,2536.0,2536.0,-1.0,-1.0,-1.0,-1.0,4.610269069671631,4.332992832835128,332.9906311035156,266.83138963652823
20251123-203059/3DBall,1.2782177925109863,1.3068135976791382,386.7155456542969,403.4316101074219,0.0125482715666294,0.4136966466903686,1.4189497193982523,1.419034481048584,36.66666793823242,20.459139793149888,3961.0,3703.3494597404233,2536.0,2536.0,-1.0,-1.0,-1.0,-1.0,4.5767035484313965,3.3125416386512017,190.1437530517578,134.28192237115675
20251123-144926/3DBall,100.00000762939452,100.00000762939452,701.22216796875,1618.406005859375,0.015334018350889244,0.014215814164648044,1.2397214842129902,1.0537692308425903,24.850000381469727,18.26094367705196,3779.5,3692.845382506589,2536.0,2536.0,-1.0,-1.0,-1.0,-1.0,5.238080978393555,4.637143937938185,298.90625,247.87366752164908
20251123-132300/3DBall,100.00000762939452,100.00000762939452,828.1232299804688,934.0796508789062,0.025258020963519756,0.127529799627761,1.36343621633139,1.3169915676116943,21.600000381469727,18.457429759473687,3809.0,3729.9618522919804,2536.0,2536.0,-1.0,-1.0,-1.0,-1.0,5.295152187347412,4.5425120635205,350.703125,283.61375776543673
20251123-163936/3DBall,50.644004821777344,50.644004821777344,218.2138671875,218.2138671875,0.02057075276970858,0.13178375065326683,1.376179426908493,1.3122408390045166,34.13333511352539,20.645000076293947,3807.666748046875,3755.025012207031,2536.0,2536.0,-1.0,-1.0,-1.0,-1.0,4.779058456420898,4.258407425880432,219.6062469482422,180.0875244140625
20251122-234622/3DBall,2.100799798965454,2.100799798965454,738.526123046875,738.526123046875,0.017508092957238302,0.14894294738769528,1.4239872679652938,1.4219495058059692,42.599998474121094,19.25100400074419,3784.0,3710.479924581137,2536.0,2536.0,-1.0,-1.0,-1.0,-1.0,4.917234420776367,4.361039908535509,237.59375,187.6877377061959
20251123-123007/3DBall,96.453857421875,100.00001525878906,407.4909362792969,1428.232421875,0.017143812884266117,0.19744208945000233,1.3672519304666175,1.3040950298309326,26.53333282470703,18.682128509843206,3883.5,3826.9146596150226,2536.0,2536.0,-1.0,-1.0,-1.0,-1.0,5.106014251708984,4.63671701787466,523.875,400.58252256462373
20251123-190314/3DBall,2.016883134841919,2.016883134841919,73.28137969970703,73.28137969970703,0.025163304992020075,0.06155101116746663,1.4182618856430054,1.4168168306350708,21.66666603088379,19.987499713897705,3657.333251953125,3649.8125,2536.0,2536.0,-1.0,-1.0,-1.0,-1.0,4.316151142120361,3.9670591950416565,229.15625,214.7827491760254
20251123-134442/3DBall,92.32308959960938,100.00001525878906,791.868408203125,1573.16748046875,0.034061116278620324,0.34248260070754954,1.3632484394383717,1.2931902408599854,37.29999923706055,18.52720887402454,3834.5,3773.8152605539344,2536.0,2536.0,-1.0,-1.0,-1.0,-1.0,4.814133644104004,4.267130093402173,546.484375,323.27224970438397
20251123-164335/3DBall,100.00001525878906,100.00001525878906,168.69862365722656,326.18658447265625,0.034436543540256735,0.15437118427419078,1.3294370203483394,1.2782506942749023,32.599998474121094,20.186178998249332,3784.0,3727.5365913205032,2536.0,2536.0,-1.0,-1.0,-1.0,-1.0,4.786391258239746,4.487377649400292,248.7687530517578,209.05343702362805
20251123-142603/3DBall,100.00001525878906,100.00001525878906,221.7851104736328,1393.4422607421875,0.024058755487203553,0.0033023377648077877,1.3361471733414982,1.3092124462127686,29.299999237060547,18.639357423207844,3826.0,3740.087350868317,2536.0,2536.0,-1.0,-1.0,-1.0,-1.0,5.161985874176025,4.685253918889058,427.78125,344.0928907279509
20251123-141223/3DBall,1.1770398616790771,1.1868571043014526,56.94084167480469,65.20687103271484,,,1.4189382642507553,1.4189382791519165,19.766666412353516,18.174999713897705,3775.5,3756.8541870117188,2536.0,2536.0,-1.0,-1.0,-1.0,-1.0,4.377413749694824,4.292154878377914,234.1968688964844,219.77513122558594
20251123-165029/3DBall,100.00001525878906,100.00001525878906,964.8992919921876,1408.6766357421875,0.024845217121764972,0.040872868402705785,1.2324543336787857,1.097082257270813,36.54999923706055,19.863755007824267,3740.666748046875,3673.5843344079444,2536.0,2536.0,-1.0,-1.0,-1.0,-1.0,5.111876487731934,4.652334639825017,234.359375,193.7989318112293
20251123-155213/3DBall,92.3307876586914,100.00001525878906,251.57118225097656,1287.5052490234375,0.034563958375568804,0.01122828482252714,1.3722612340766263,1.3526983261108398,22.450000762939453,18.18263053894043,3772.333251953125,3721.064256047628,2536.0,2536.0,-1.0,-1.0,-1.0,-1.0,5.182679653167725,4.7844091337847425,469.890625,389.33598824006964
20251123-130138/3DBall,1.3400405645370483,1.3400405645370483,81.3046646118164,81.3046646118164,0.035116558894514996,0.04562843963503835,1.4209386706352234,1.4219417572021484,18.799999237060547,18.395833253860474,3777.666748046875,3759.291717529297,2536.0,2536.0,-1.0,-1.0,-1.0,-1.0,4.411088943481445,4.167729884386063,233.828125,219.46633911132812
20251123-171702/3DBall,3.00274920463562,3.00274920463562,357.609375,357.609375,0.013153890458246035,0.2115969037016233,1.4111350251407158,1.4062318801879885,27.66666603088379,19.513821066879643,3762.666748046875,3712.589432879192,2536.0,2536.0,-1.0,-1.0,-1.0,-1.0,4.52880334854126,4.261523706157033,223.1875,173.95146067549544
20251123-161351/3DBall,100.00001525878906,100.00001525878906,132.8844451904297,351.8645324707031,0.034855514521832005,0.008541229078495515,1.3333727237654895,1.3022372722625732,20.350000381469727,17.840243828005907,3765.0,3747.5975609756097,2536.0,2536.0,-1.0,-1.0,-1.0,-1.0,5.262225151062012,4.717738075954158,360.21875,283.7835365853659
20251123-192351/3DBall,100.00001525878906,100.00001525878906,804.0987548828125,804.0987548828125,0.02182418511559563,0.03698185676087932,1.3634855014732086,1.2135050296783447,36.73333358764648,25.74759046715426,3860.5,3337.0662680016944,2536.0,2536.0,-1.0,-1.0,-1.0,-1.0,5.11171293258667,4.282567167856607,176.6692657470703,123.65724779611611
20251123-141107/3DBall,1.1727272272109983,1.227519392967224,61.293209075927734,69.50292205810547,0.0248083285987377,0.2468539774417877,1.4181055426597595,1.413233995437622,19.200000762939453,18.297916889190674,3768.0,3754.25,2536.0,2536.0,-1.0,-1.0,-1.0,-1.0,4.369725704193115,4.2166410982608795,234.15625,219.67955780029297
20251123-125406/3DBall,1.1728652715682983,1.1728652715682983,69.07868957519531,69.07868957519531,0.0265468545258045,0.2708188891410827,1.4186157435178757,1.4167457818984983,18.700000762939453,18.295833587646484,3784.0,3753.125,2536.0,2536.0,-1.0,-1.0,-1.0,-1.0,4.394749164581299,4.2339707016944885,233.796875,219.4027976989746
20251123-131656/3DBall,1.2340466976165771,1.2684417963027954,312.8714294433594,353.43145751953125,0.0121060367673635,0.1120335906744003,1.4192912229677526,1.4199949502944946,19.600000381469727,18.322764233845035,3773.0,3645.865847703887,2536.0,2536.0,-1.0,-1.0,-1.0,-1.0,4.606067657470703,4.359587105309091,305.78125,264.9846675221513
20251122-222059/3DBall,100.00001525878906,100.00001525878906,1130.5615234375,2463.3544921875,0.03447186558654429,0.0029843522867801986,1.2329228462943111,1.1676150560379028,48.5,19.581325324184924,3958.0,3652.513054169804,2536.0,2536.0,-1.0,-1.0,-1.0,-1.0,5.210282325744629,4.156886155167258,216.890625,166.8439625659621
20251122-233113/3DBall,1.2082692384719849,1.267850041389465,187.7733459472656,408.8299865722656,0.0121420873329043,0.2839268743991852,1.4202313888363722,1.4228097200393677,33.5,18.386991779978683,3835.666748046875,3722.0081280964177,2536.0,2536.0,-1.0,-1.0,-1.0,-1.0,4.537099838256836,4.231204602776504,230.34375,187.33185968166444
20251123-133841/3DBall,1.2493150234222412,1.263385772705078,333.8618469238281,351.91864013671875,0.024076767653847683,0.3037204096714656,1.418236781911152,1.417521595954895,20.399999618530273,18.573577276090298,3830.333251953125,3790.1504144435976,2536.0,2536.0,-1.0,-1.0,-1.0,-1.0,4.4930548667907715,4.229300307064522,357.640625,282.3360774342607
20251123-120031/3DBall,85.76428985595703,100.00000762939452,631.0595092773438,1383.624267578125,0.024051425613693306,0.013707214346384713,1.243666748684573,1.1038851737976074,32.25,20.1202810816018,3880.0,3807.809236457549,2536.0,2536.0,-1.0,-1.0,-1.0,-1.0,5.028538227081299,4.479916945997491,718.484375,425.193027082696
20251123-193723/3DBall,1.3723710775375366,1.3838173151016235,177.8821563720703,195.3178253173828,0.03557915166020388,0.059882559254765454,1.416655021905899,1.4141114950180054,24.5,18.907499980926513,3754.5,3622.6333129882814,2536.0,2536.0,-1.0,-1.0,-1.0,-1.0,4.587133884429932,4.088830769062042,181.8515625,151.8088279724121
20251123-164912/3DBall,1.2509803771972656,1.287649393081665,52.51039505004883,69.916259765625,0.0241823103278875,0.15729953721165651,1.4069045186042786,1.3996886014938354,33.349998474121094,22.902083158493042,3737.0,3719.312530517578,2536.0,2536.0,-1.0,-1.0,-1.0,-1.0,4.358398914337158,4.134248286485672,237.96875,223.5171890258789
20251122-230218/3DBall,1.1319701671600342,1.1676747798919678,17.220487594604492,66.22098541259766,,,1.418938234448433,1.4189382791519165,21.933332443237305,18.606249809265137,3740.666748046875,3706.7916870117188,2536.0,2536.0,-1.0,-1.0,-1.0,-1.0,4.3532795906066895,4.232235461473465,230.7406311035156,219.47350311279297
20251123-151634/3DBall,97.21668243408205,100.00001525878906,1619.1016845703125,1691.9639892578125,0.025079576453814863,0.3118051343287031,1.3681209281266453,1.2692278623580933,34.13333511352539,17.919779059398603,3779.333251953125,3708.923698701054,2536.0,2536.0,-1.0,-1.0,-1.0,-1.0,5.461409091949463,4.576704917183841,330.828125,254.2534764301346
20251122-231737/3DBall,2.661755323410034,2.7857143878936768,749.97998046875,807.5582885742188,0.016371354848767287,0.29579788943131763,1.4114295201129223,1.4062963724136353,54.95000076293945,18.29738952452878,3815.666748046875,3759.2991987481173,2536.0,2536.0,-1.0,-1.0,-1.0,-1.0,4.6129279136657715,4.065166631376887,245.203125,205.55235639824926
20251123-171407/3DBall,1.1721590757369995,1.2527450323104858,154.74432373046875,162.929931640625,,,1.418938273191452,1.4189382791519165,32.5,21.289166831970213,3749.0,3708.6,2536.0,2536.0,-1.0,-1.0,-1.0,-1.0,4.9588494300842285,4.358211696147919,226.921875,191.07033996582032
20251123-113435/3DBall,3.954237699508667,4.716505527496338,1223.479248046875,1543.66796875,0.01714903500396753,0.6477290907253822,1.3748398889978248,1.34509539604187,39.43333435058594,21.269779136381953,3912.5,3452.171685276261,2536.0,2536.0,-1.0,-1.0,-1.0,-1.0,4.8962907791137695,4.343885697514178,171.2312469482422,99.07745724413769
20251122-233813/3DBall,1.4606837034225464,1.509130358695984,422.2677917480469,479.4740295410156,0.013223159747819067,0.11169883112112677,1.4131345051090891,1.4066410064697266,20.933332443237305,17.826422644824518,3749.0,3697.508134051067,2536.0,2536.0,-1.0,-1.0,-1.0,-1.0,4.373151779174805,4.044482719607469,241.609375,183.4290403040444
20251123-122345/3DBall,45.65385437011719,45.65385437011719,167.018310546875,167.018310546875,0.0335313973948359,0.06670829504728312,1.3929395735263825,1.361655831336975,48.900001525878906,30.85500020980835,3878.5,3835.666650390625,2536.0,2536.0,-1.0,-1.0,-1.0,-1.0,5.315515041351318,4.503769361972809,273.0625,234.9011978149414
20251123-190435/3DBall,7.484893321990967,7.484893321990967,1147.8646240234375,1147.8646240234375,0.012570463353767951,0.41059597581624985,1.3764529357473534,1.314976453781128,35.400001525878906,21.920281099985882,3661.0,3486.0381535909264,2536.0,2536.0,-1.0,-1.0,-1.0,-1.0,4.6456122398376465,3.451609202178128,251.109375,137.9858806564147
20251123-161953/3DBall,100.00000762939452,100.00000762939452,624.737548828125,1173.1875,0.024890076136216476,0.030908124575034848,1.2805601961641426,1.1676452159881592,27.36666679382324,16.83172693597265,3830.0,3764.863448912839,2536.0,2536.0,-1.0,-1.0,-1.0,-1.0,4.7431182861328125,3.0931928732308998,317.953125,215.77835046239647
20251122-231007/3DBall,4.785784721374512,4.785784721374512,440.3202209472656,440.3202209472656,0.01743333569417393,0.19419607892632484,1.3925698036100806,1.3584990501403809,22.399999618530273,18.067479738375035,3824.333251953125,3760.930896293826,2536.0,2536.0,-1.0,-1.0,-1.0,-1.0,4.7083210945129395,3.98570065963559,251.640625,221.14381297041732
20251123-130306/3DBall,1.762529730796814,1.762529730796814,823.2991943359375,823.2991943359375,0.0128620356942216,0.1376759807268778,1.4106032302580684,1.3968828916549685,27.96666717529297,18.253012082662927,3851.333251953125,3714.8192771084337,2536.0,2536.0,-1.0,-1.0,-1.0,-1.0,4.815164566040039,4.436366440301918,313.10626220703125,243.51253408409028
20251123-141336/3DBall,29.694122314453125,29.694122314453125,740.285400390625,740.285400390625,0.020059635552267183,0.1475999367733796,1.3911974300821144,1.3091068267822266,43.0,19.31305223487946,3810.0,3696.6144519484187,2536.0,2536.0,-1.0,-1.0,-1.0,-1.0,5.08405876159668,4.449957635029253,341.6812438964844,242.93820245581938
20251123-182301/3DBall,100.00000762939452,100.00000762939452,691.288818359375,1380.7620849609375,0.03513967012986537,0.018062508950606525,1.3293346295873802,1.256672739982605,63.150001525878906,26.866064094635377,3525.5,3333.867475762425,2536.0,2536.0,-1.0,-1.0,-1.0,-1.0,4.006217002868652,2.5149142038391297,179.1374969482422,87.0924633899367
20251123-194056/3DBall,100.00000762939452,100.00000762939452,2005.436767578125,2700.765869140625,0.01828932575881476,0.12812270472447074,1.3504672782966889,1.287673830986023,41.099998474121094,21.047088278345313,4180.5,3748.9447756847703,2536.0,2536.0,-1.0,-1.0,-1.0,-1.0,5.102531909942627,3.734660293323448,180.84375,107.12397062922099
20251123-204048/3DBall,100.00000762939452,100.00000762939452,588.156494140625,1961.8502197265625,0.03487473423592742,0.007242339068701119,1.3659965920161052,1.3499237298965454,31.649999618530273,20.65943763916751,4017.0,3741.5361504612197,2536.0,2536.0,-1.0,-1.0,-1.0,-1.0,4.860214710235596,2.501754886055567,205.4401092529297,128.25889440329678
20251123-211338/3DBall,26.60526466369629,26.733335494995117,399.8099670410156,406.9840698242187,0.024839581766476184,0.013409360855196848,1.3786720153762073,1.3200305700302124,26.566667556762695,18.45325214106862,3607.666748046875,3514.7113840987045,2536.0,2536.0,-1.0,-1.0,-1.0,-1.0,5.035483360290527,4.281030817729671,243.2562561035156,192.77465671446265
20251123-223011/3DBall,1.705620527267456,1.705620527267456,2109.610107421875,2109.610107421875,0.012246135078991393,0.5831746086478233,1.4209926336644643,1.4185034036636353,46.20000076293945,23.141365464911402,3817.0,3525.0803281485314,2536.0,2536.0,-1.0,-1.0,-1.0,-1.0,4.728639602661133,3.982099568628403,211.7593688964844,114.23824190806194
20251123-222137/3DBall,94.00770568847656,100.00001525878906,108.87950897216795,200.7673492431641,0.03476209873333568,0.005103927776144655,1.3593715131282806,1.3164952993392944,34.099998474121094,29.504166507720946,3648.5,3464.4833374023438,2536.0,2536.0,-1.0,-1.0,-1.0,-1.0,4.088983058929443,3.6892273783683778,230.0625,161.10825538635254
20251123-235127/3DBall,100.00001525878906,100.00001525878906,37585.02734375,37695.54296875,0.03572762080214236,0.008503035443109956,1.3409667654735287,1.272817611694336,37.79999923706055,19.60772356172887,3923.5,3631.890243902439,2536.0,2536.0,-1.0,-1.0,-1.0,-1.0,5.04148006439209,2.8917030313779124,197.890625,96.15663091147819
20251123-222018/3DBall,1.102380871772766,1.279365062713623,23.894786834716797,70.4867935180664,0.0170150808990001,1.2084009051322937,1.4178547412157059,1.41682231426239,28.399999618530273,26.731250047683716,3514.666748046875,3494.9583740234375,2536.0,2536.0,-1.0,-1.0,-1.0,-1.0,4.022272109985352,3.793668210506439,233.8687438964844,219.44758987426758
20251124-103443/3DBall,100.00001525878906,100.00001525878906,605.1185302734375,717.4425659179688,0.025382404215633817,0.401064849148194,1.3868303557476365,1.3517316579818726,38.45000076293945,22.879317203200007,3928.0,3439.4277079019203,2536.0,2536.0,-1.0,-1.0,-1.0,-1.0,4.865507125854492,4.391747845224588,173.0833282470703,137.15285188605986
20251124-104649/3DBall,3.023024082183838,3.023024082183838,175.2845001220703,175.2845001220703,0.024844734231010024,0.020492213428951765,1.4125144720077514,1.3876279592514038,35.599998474121094,21.578888765970866,4008.5,3621.155550130208,2536.0,2536.0,-1.0,-1.0,-1.0,-1.0,4.63547420501709,3.6374286810557046,211.4375,185.27857666015626
20251123-230530/3DBall,1.2111753225326538,1.2361867427825928,266.49444580078125,367.08636474609375,0.012584561482071833,0.2237110336621602,1.413348791075916,1.409605860710144,28.899999618530273,18.557723580337154,3563.333251953125,3470.995927019817,2536.0,2536.0,-1.0,-1.0,-1.0,-1.0,4.562504291534424,4.365897039087807,232.8125,207.49065082829173
20251123-221213/3DBall,1.2912349700927734,1.323434352874756,443.5768737792969,461.9700927734375,0.0117288939654827,0.1269785016775131,1.4169586431689378,1.4130117893218994,50.75,23.607317017345892,3648.333251953125,3493.0447075076218,2536.0,2536.0,-1.0,-1.0,-1.0,-1.0,4.6075592041015625,3.7663488388061523,217.734375,140.210347431462
20251123-222851/3DBall,1.1361939907073977,1.20268714427948,33.033111572265625,69.27015686035156,,,1.4189382493495941,1.418938159942627,31.33333396911621,27.16041660308838,3540.0,3516.374969482422,2536.0,2536.0,-1.0,-1.0,-1.0,-1.0,3.976474285125733,3.7827149033546448,184.828125,172.50257110595703
20251124-102117/3DBall,92.4769287109375,100.00000762939452,757.3432006835938,798.8294677734375,0.02462701899154728,0.07789977197777864,1.351400438561497,1.2326706647872925,33.599998474121094,20.420080299837043,3811.0,3558.024087561182,2536.0,2536.0,-1.0,-1.0,-1.0,-1.0,4.914400577545166,4.2714644735117995,345.9375,217.8325074896755
20251124-102000/3DBall,1.3250504732131958,1.3250504732131958,69.94316101074219,69.94316101074219,0.0257429322227835,0.32045975327491755,1.4168372452259064,1.4132188558578491,19.399999618530273,18.71666646003723,3551.5,3502.187530517578,2536.0,2536.0,-1.0,-1.0,-1.0,-1.0,4.375189304351807,4.140741467475891,232.7718811035156,218.44700622558594
20251123-222510/3DBall,2.334571361541748,2.443657875061035,192.01719665527344,200.3539276123047,0.025669420510530415,0.1957232713699341,1.412591004371643,1.4059975147247314,37.900001525878906,29.36416664123535,3471.0,3410.6916748046874,2536.0,2536.0,-1.0,-1.0,-1.0,-1.0,4.3820271492004395,3.7617215871810914,233.4968719482422,197.10643196105957
20251123-232347/3DBall,100.00001525878906,100.00001525878906,261.69586181640625,372.0534057617187,0.0182197454639456,0.03572996955534268,1.373157370381239,1.3462107181549072,36.23333358764648,24.552845699031177,4498.5,3798.0284513147867,2536.0,2536.0,-1.0,-1.0,-1.0,-1.0,5.081215858459473,4.410677590021273,210.3687438964844,123.63379073724514
20251123-233012/3DBall,1.0836066007614136,1.1527204513549805,425.9997863769531,1258.6605224609375,0.0116342986002564,0.95444917678833,1.4200426369178585,1.4222458600997925,33.36666488647461,20.952438936000917,3905.0,3709.3780428258383,2536.0,2536.0,-1.0,-1.0,-1.0,-1.0,3.0925776958465576,2.3342263175220026,192.8020782470703,139.26238529856613
20251123-231147/3DBall,1.665819764137268,1.6953487396240234,616.8475341796875,712.029052734375,0.02499306077758467,0.284971119215091,1.4010588663170136,1.3908741474151611,25.16666603088379,18.539156649486127,3890.0,3575.2530091067397,2536.0,2536.0,-1.0,-1.0,-1.0,-1.0,4.651137351989746,4.406380165054138,307.125,206.2624558598162
20251123-213103/3DBall,100.00001525878906,100.00001525878906,613.3823852539062,2457.21435546875,0.023900970971832625,0.06087148556738,1.1399066232773194,1.0330885648727417,46.0,19.831124558506243,3880.5,3638.975903614458,2536.0,2536.0,-1.0,-1.0,-1.0,-1.0,4.9918084144592285,3.0414664465260794,301.921875,161.19278321783227
20251123-212041/3DBall,9.164103507995604,11.319589614868164,579.8296508789062,599.7764282226562,0.02495003320897614,0.13534684230883912,1.4232168110405528,1.4164191484451294,37.04999923706055,22.06219510334294,3880.5,3562.5894269245427,2536.0,2536.0,-1.0,-1.0,-1.0,-1.0,4.84324836730957,3.2439694869809035,182.0885467529297,133.05582372153677
